branch_name,total_failed_amount
Bangalore,866975.91999999958
Delhi,863127.53000000049
Mumbai,815051.24999999965